,id,img_name,성별,"구도1(니,상,셀,제,전)","구도2(실,야)",카테고리
0,@0nefence,"['2985025814282546441.jpg', '2985739671300925909.jpg', '2986449340583416558.jpg', '2987239673319880936.jpg', '2987998482799647980.jpg', '2988660231714392532.jpg', '2989467375623902520.jpg', '2990136855689453440.jpg', '2990789324597831989.jpg', '2991579610399785848.jpg', '2992276973502233515.jpg', '2993077194721194576.jpg', '2993717578564421250.jpg', '2994461915028125370.jpg', '2995161486976657241.jpg', '2995815646382374653.jpg', '2996596511182147603.jpg', '2997299964690812858.jpg', '2998098838388977671.jpg', '2998885085000687558.jpg', '2999584637747939141.jpg', '3000309710343429591.jpg', '3001472928835218963.jpg', '3002428195739727239.jpg', '3003173699142298173.jpg', '3004577405444400836.jpg', '3005347722609627475.jpg', '3006161204775157958.jpg', '3006778853318091854.jpg', '3008175603962386523.jpg']",여,"[전,제,전,셀,전,",,
1,@166.ootd,"['2978141055339697373.jpg', '2978864033358511178.jpg', '2980467126373790422.jpg', '2981765583978615629.jpg', '2982489217995043025.jpg', '2983214442113964487.jpg', '2983938256242444262.jpg', '2986112219806513901.jpg', '2986841385573240490.jpg', '2987564525970314389.jpg', '2988287073377014617.jpg', '2989011277508295464.jpg', '2991187230234052579.jpg', '2991912879278044061.jpg', '2992641970485930361.jpg', '2993360379570396973.jpg', '2994093039997429657.jpg', '2996261215279659340.jpg', '2996988159209724945.jpg', '2997712233875932914.jpg', '2998433439197655623.jpg', '2999163339084836639.jpg', '3000067302759396811.jpg', '3001453249908625386.jpg', '3002059221497226330.jpg', '3002786462656985320.jpg', '3004230423120535718.jpg', '3006412582941994141.jpg', '3007136100121849123.jpg', '3007860896833034439.jpg']",,,,
2,@1ungwoo,"['2990102975319155201.jpg', '2990714888067517175.jpg', '2990808299781144166.jpg', '2991565895764803877.jpg', '2992053547769323819.jpg', '2992798672871158464.jpg', '2993530352376471986.jpg', '2994210065075886992.jpg', '2994436492354166683.jpg', '2995144456685924835.jpg', '2995669292252300234.jpg', '2995898256270922698.jpg', '2996402623088575749.jpg', '2996680558718611700.jpg', '2997127262899196615.jpg', '2997852810541626996.jpg', '2998111686608355438.jpg', '2998577620204789710.jpg', '2999333020680115344.jpg', '2999476065337808937.jpg', '3001705242652580827.jpg', '3002449141205793253.jpg', '3003160438842862639.jpg', '3003858785996124868.jpg', '3004490970402915904.jpg', '3005896529547235189.jpg', '3006550745383123867.jpg', '3007276968533501401.jpg', '3007998847780442371.jpg']",,,,
3,@337janggoon,"['2950604485522487640.jpg', '2952054018761098479.jpg', '2953503209966423126.jpg', '2955678608821421066.jpg', '2957127598003950261.jpg', '2958576735203297943.jpg', '2960751665252550828.jpg', '2963650863467224313.jpg', '2965824607783077555.jpg', '2967274471922475940.jpg', '2968724141907468740.jpg', '2970894534969728662.jpg', '2972347755852614766.jpg', '2973797620897920798.jpg', '2975971665831657601.jpg', '2977421324919774906.jpg', '2978871442395272009.jpg', '2981046101316239851.jpg', '2982494862680848402.jpg', '2983947134115878607.jpg', '2986119579803379166.jpg', '2987570122497410754.jpg', '2989017741459213530.jpg', '2991191859973319435.jpg', '2992647115437306936.jpg', '2994092595384554643.jpg', '2996265464122393859.jpg', '2997715096077387447.jpg', '2999164451154283007.jpg', '3001339262781385045.jpg']",,,,
4,@59seok,"['2988476547221872284.jpg', '2989188331574477102.jpg', '2989938392961075825.jpg', '2990632269539821782.jpg', '2991320922071092996.jpg', '2992121158867846592.jpg', '2992794085518771424.jpg', '2993555117593032023.jpg', '2994424090543949446.jpg', '2994941378032431949.jpg', '2995692989717460693.jpg', '2996456411488898029.jpg', '2997123366801756147.jpg', '2997869585845035693.jpg', '2998613879249802418.jpg', '2999282414842176866.jpg', '3000012593088580822.jpg', '3000766765757015180.jpg', '3001547173310337466.jpg', '3002184458041226923.jpg', '3002953465970150043.jpg', '3003681686643686723.jpg', '3004463566565520972.jpg', '3005279648016564421.jpg', '3005881625532511052.jpg', '3006605635182429971.jpg', '3007294430848606502.jpg', '3008064863164398852.jpg', '3008748945036661789.jpg']",,,,
5,@98.c_project,"['3001804797242027084.jpg', '3002261578121538434.jpg', '3002383250543783204.jpg', '3002457183062277114.jpg', '3002497929541702328.jpg', '3002573613005935075.jpg', '3002852841371921584.jpg', '3002937604111708777.jpg', '3003196633631250950.jpg', '3003671167119591931.jpg', '3003780371217979705.jpg', '3003864404895648117.jpg', '3003895180618039716.jpg', '3003979588334161747.jpg', '3004318485682425506.jpg', '3004567753085203679.jpg', '3005150506436737898.jpg', '3005259997484184168.jpg', '3005430155153546712.jpg', '3005835395628729588.jpg', '3005909890896792432.jpg', '3005985876795563102.jpg', '3006083291753973486.jpg', '3006490824599872311.jpg', '3006589982979593410.jpg', '3006770541156565102.jpg', '3006853126070103016.jpg', '3007223150002660752.jpg', '3007274761525671710.jpg', '3007462774189041686.jpg', '3007580213593540245.jpg']",,,,
6,@amourfor_u,"['2906784903695140962.jpg', '2916202801329453793.jpg', '2979855790550535469.jpg', '2980799099342954584.jpg', '2980901722244767479.jpg', '2983056749407052272.jpg', '2983105012106422469.jpg', '2983708145838678033.jpg', '2986377772603537654.jpg', '2986394257878996910.jpg', '2987355389829702587.jpg', '2987780551192366517.jpg', '2988721958456997952.jpg', '2990718512649451487.jpg', '2991788328119821854.jpg', '2992039901020841154.jpg', '2996693491434112396.jpg', '2996754943599648148.jpg', '2997131564181533492.jpg', '3001089940973943264.jpg', '3002533920159094890.jpg', '3003052728116918876.jpg', '3004709132795625033.jpg', '3004743760524852945.jpg', '3004775137559228832.jpg', '3006917747040218194.jpg']",,,,
7,@antmousbe9,"['2903901801277122462.jpg', '2990153120194796774.jpg', '2990875162758292469.jpg', '2991599132671308088.jpg', '2992116787631319640.jpg', '2992324232370619025.jpg', '2993050844460348058.jpg', '2993774929322696546.jpg', '2994508666149686604.jpg', '2995222838094186408.jpg', '2995693923059127533.jpg', '2995947697736540497.jpg', '2996442320179334563.jpg', '2996672381158604337.jpg', '2997397139333455986.jpg', '2998122223244309493.jpg', '2998846787063564169.jpg', '2999572009008822953.jpg', '3000072862502271593.jpg', '3001021016520408925.jpg', '3001749578189637176.jpg', '3002472396650146543.jpg', '3003195344754091577.jpg', '3003922097547179898.jpg', '3004645292108445840.jpg', '3005370500055509864.jpg', '3006094816149651404.jpg', '3006819260782481410.jpg', '3007543987339599610.jpg', '3008271262347508017.jpg']",,,,
8,@ap.s_fi1st,"['2977197868259313302.jpg', '2977907337700059565.jpg', '2978582069537795786.jpg', '2979395544723982137.jpg', '2980728083493212874.jpg', '2981956429636092245.jpg', '2982710860170246585.jpg', '2983630738699959904.jpg', '2988097054991412315.jpg', '2989283627233451428.jpg', '2990864312033967545.jpg', '2991690765260555481.jpg', '2995121919925626640.jpg', '2996019791093765771.jpg', '2998044061331814672.jpg', '2999414410409441802.jpg', '3000217383395444555.jpg', '3001545480756051426.jpg', '3003247352940510658.jpg', '3003688777062611745.jpg', '3005247608306141709.jpg', '3005459410340056317.jpg', '3006101073688976260.jpg', '3006972237283446028.jpg', '3007584780887178694.jpg', '3008336409030804929.jpg', '3009051286850396121.jpg']",,,,
9,@arcco_iris_,"['2822450259398240803.jpg', '2950225738285449500.jpg', '2968155774003771132.jpg', '3001418355807536005.jpg', '3001447032102932513.jpg', '3001555004007312172.jpg', '3001624714926551441.jpg', '3002131040970926983.jpg', '3002357584053921104.jpg', '3002501092927146647.jpg', '3002861550609351174.jpg', '3002862010799881170.jpg', '3002863182503930401.jpg', '3002872350824603194.jpg', '3003599436971400125.jpg', '3003600776288232303.jpg', '3003641919277846499.jpg', '3003665995541178846.jpg', '3004304888059275267.jpg', '3004309180040106041.jpg', '3004382941337200447.jpg', '3004384832012075551.jpg', '3004454198871102092.jpg', '3005807292070566393.jpg', '3006162630183632907.jpg', '3006880612895522567.jpg', '3006881425273453936.jpg', '3007411100160780407.jpg', '3007603673450068536.jpg']",,,,
10,@bacajini,"['2988745435629006489.jpg', '3000050126455378441.jpg', '3000235534799630767.jpg', '3001049439407145103.jpg', '3001537282688633836.jpg', '3001714338160296079.jpg', '3002401361649009013.jpg', '3003029571734624294.jpg', '3003865627593958079.jpg', '3004505301131983482.jpg', '3006055715178535450.jpg', '3006562664344992851.jpg', '3007359966529902155.jpg', '3007484101302053175.jpg']",,,,
11,@ba_serin_e,"['2791998861151611222.webp', '2824057886663931603.webp', '2831164731392074181.webp', '2960911539189423304.webp', '2963759882336775112.webp', '2967529001100023719.webp', '2968097443746361797.webp', '2970995755566655172.webp', '2972488352709588216.webp', '2973900277146233813.webp', '2976253036105405958.webp', '2977553834219188322.webp', '2980613075100243994.webp', '2981341044257246165.webp', '2981946289681225426.webp', '2982951121095416285.webp', '2986405300694495827.webp', '2988698672904856833.webp', '2998712367254000352.webp', '3001465064985993922.webp', '3006600240962092842.webp', '3007276260316811470.webp']",,,,
12,@bbo9ni,"['2989307957822140621.jpg', '2990030397477014554.jpg', '2990769774494868159.jpg', '2991509099503219120.jpg', '2992235144346939931.jpg', '2992961017576429233.jpg', '2993692694087066233.jpg', '2994393160907440981.jpg', '2995116855363805256.jpg', '2995862359253170571.jpg', '2996596168743249775.jpg', '2997293140265581643.jpg', '2997789895998451789.jpg', '2998125657397740970.jpg', '2998767941043825521.jpg', '2999490705513884307.jpg', '3000217009951528391.jpg', '3001017766580816253.jpg', '3001671108685378112.jpg', '3002392278724317185.jpg', '3003106090729454134.jpg', '3003837120235027098.jpg', '3004560204177019279.jpg', '3005261319310840517.jpg', '3006004324451818192.jpg', '3006763096778498520.jpg', '3007462524007191940.jpg', '3008185929853468988.jpg']",,,,
13,@bejoon0,"['2915889314468374071.webp', '2977510106511186779.webp', '2978936522855598655.webp', '2979647397530732522.webp', '2981090051477004137.webp', '2981818229980827466.webp', '2982549411059371783.webp', '2983998154455392737.webp', '2984790097133364884.webp', '2986170836483614933.webp', '2986889305508379291.webp', '2987618420255597840.webp', '2988319968887565788.webp', '2989073708166807610.webp', '2989923444226595639.webp', '2991239902361780011.webp', '2991964151657312935.webp', '2992692864556556403.webp', '2993418935463776899.webp', '2994149797515875968.webp', '2994891946498749975.webp', '2996323680180454093.webp', '2997066248576960052.webp', '2997763725026341181.webp', '2998490143313952325.webp', '3001401346756296113.webp', '3002832695232072351.webp', '3004284307934944817.webp', '3006465207066038301.webp', '3007909393828959740.webp']",,,,
14,@belleofcloset,"['2927747431770413693.jpg', '2932133207711004752.jpg', '2932855062763743947.jpg', '2935727049404066191.jpg', '2937161000513509751.jpg', '2937933746197641996.jpg', '2940819104715293195.jpg', '2941509241929669000.jpg', '2942923487712374665.jpg', '2948029100774465777.jpg', '2948799132895829523.jpg', '2950969205471417800.jpg', '2951727400066238869.jpg', '2952411118686890886.jpg', '2956016692167100307.jpg', '2961867163574326509.jpg', '2962540290300993517.jpg', '2963283833555523787.jpg', '2966160763527316994.jpg', '2966923090140800234.jpg', '2971969798583337675.jpg', '2974146626747919676.jpg', '2977099899327210319.jpg', '2984283601639380158.jpg', '2988628596924265025.jpg', '2989385560373443508.jpg', '2991537483960754478.jpg', '2992262128577809489.jpg', '2994442020379728716.jpg', '3002445652517854776.jpg']",,,,
15,@bloggerbok,"['3002116256092014233.jpg', '3002246858428196672.jpg', '3002360437286918049.jpg', '3002836309196202911.jpg', '3002899485159797950.jpg', '3002972868132171624.jpg', '3003183705316690212.jpg', '3003575305379748421.jpg', '3003640337255591353.jpg', '3003867781744989922.jpg', '3003999531997426646.jpg', '3004340194584683939.jpg', '3004677680162743266.jpg', '3005173847989058092.jpg', '3005357615076569019.jpg', '3005932030939969582.jpg', '3006494390782524816.jpg', '3006609210934709824.jpg', '3006707930967679673.jpg', '3006849830588190509.jpg', '3007264921586290044.jpg', '3007332678579492839.jpg', '3007466350016093782.jpg', '3007547207170986478.jpg', '3007922981739013146.jpg', '3008010521659347429.jpg', '3008137001132015715.jpg']",,,,
16,@by_he.nique,"['2997852449997755545.jpg', '3002198887310847806.jpg', '3002372886963794961.jpg', '3002373973749867276.jpg', '3002861009837652580.jpg', '3002913276769361008.jpg', '3003045927212341966.jpg', '3003583439753240861.jpg', '3003594271535109834.jpg', '3003648281577546327.jpg', '3003722625171346976.jpg', '3003851757389855575.jpg', '3004349895321970370.jpg', '3004443313142266791.jpg', '3004527955933506871.jpg', '3006485726976886508.jpg', '3006627860219572846.jpg', '3006691891865278508.jpg', '3007319813894133643.jpg', '3007321404273522901.jpg', '3007382151670011400.jpg', '3007467207113712879.jpg', '3007964890896731324.jpg', '3007967081933850651.jpg', '3008161646391880729.jpg', '3008168925992508213.jpg', '3008175194287636145.jpg', '3008710813922767565.jpg', '3008721893260657311.jpg', '3008794918635042204.jpg']",,,,
17,@campo_look,"['2976065368750935153.jpg', '2976766264933763605.jpg', '2977491090065405131.jpg', '2978208540167903046.jpg', '2980057223519941003.jpg', '2980795060506726327.jpg', '2982834311465366402.jpg', '2983297227217965623.jpg', '2984018201676693044.jpg', '2986197795800389990.jpg', '2986943334007569292.jpg', '2987673115674257764.jpg', '2989208820514669839.jpg', '2990887507953784662.jpg', '2991270046245599833.jpg', '2992022765990504359.jpg', '2992755585977281756.jpg', '2993434302672249575.jpg', '2994174489249430786.jpg', '2996623159055920217.jpg', '2997101228669763494.jpg', '2998032989964621010.jpg', '3000356608711452752.jpg', '3001101307134910074.jpg', '3001619038162722171.jpg', '3003106415544799124.jpg', '3004510548751531037.jpg', '3006490635470276979.jpg', '3007211486599615830.jpg']",,,,
18,@chaileeson,"['2983864463456703949.jpg', '2984419543653259073.jpg', '2985005311560952948.jpg', '2985833842583488842.jpg', '2986483664097286098.jpg', '2987419790160965496.jpg', '2988020281106615586.jpg', '2988519847904097930.jpg', '2990270280540525615.jpg', '2991437041566596121.jpg', '2992152566458350359.jpg', '2992440103890435228.jpg', '2993042367156034999.jpg', '2993740720407781364.jpg', '2994323224525227027.jpg', '2994884829843530741.jpg', '2994907904026846826.jpg', '2995865805230877052.jpg', '2996447644114980422.jpg', '2997115815129822551.jpg', '2998235182232003497.jpg', '2998985881848993468.jpg', '2999985092082269411.jpg', '3001111856653188732.jpg', '3003163516997133076.jpg', '3004325025546611152.jpg', '3004774564615336090.jpg', '3005789880312976708.jpg', '3006041024515896792.jpg', '3006940309960802591.jpg']",,,,
19,@c_eunnnnnnn,"['2973495162585229990.jpg', '2974946992276281633.jpg', '2976401081571781256.jpg', '2977116652828370714.jpg', '2977845882364235193.jpg', '2979294249658117606.jpg', '2982917874692948276.jpg', '2983648618793110957.jpg', '2985823076654854669.jpg', '2986544337685195648.jpg', '2987992024091690866.jpg', '2988724736268087382.jpg', '2989440995087455383.jpg', '2991620744174001022.jpg', '2992368869939386838.jpg', '2993044874514555635.jpg', '2993789575629798367.jpg', '2995969131786778413.jpg', '2997414021707911985.jpg', '2998138479704817206.jpg', '2998862702298530001.jpg', '2999594024642046239.jpg', '3001760755590400150.jpg', '3002487767045216694.jpg', '3003211460654306224.jpg', '3003946664708785035.jpg', '3005458904515466618.jpg', '3006834162121163758.jpg', '3007560399366035788.jpg', '3008287086139548279.jpg']",,,,
20,@dbs.ycaa,"['2993704043387165612.jpg', '2994132940901829330.jpg', '2995601762615568590.jpg', '2995877270809136026.jpg', '2996533524263058796.jpg', '2998715735305218923.jpg', '2998824821778778818.jpg', '2999274151719292009.jpg', '2999357755908670998.jpg', '2999982664556849265.jpg', '3000091825571510885.jpg', '3000817924798626672.jpg', '3001454884454061644.jpg', '3001731031314047851.jpg', '3001786524027963998.jpg', '3004548231661984853.jpg', '3007459214726503643.jpg']",,,,
21,@dismas_,"['2967542768072513937.webp', '2969624095978477201.webp', '2971084132336736873.jpg', '2973396308376562775.webp', '2977087293186958925.webp', '2977694359089955175.webp', '2978509918769612193.webp', '2979231530837989090.webp', '2979904148788458743.webp', '2981391885781461605.webp', '2982860938818747112.webp', '2983481394224580890.webp', '2986483007960792004.webp', '2987193899606191808.webp', '2987925484429129782.webp', '2988546473491974639.webp', '2989299118535211214.webp', '2990037024141782434.webp', '2990696257942389465.webp', '2993005028349622506.webp', '2993810562963413102.webp', '2994478423683747705.webp', '2995305235825442083.webp', '3003117720813056598.webp', '3003874863006721584.webp', '3004616297884232010.webp', '3005207650204836178.webp', '3006065452615909710.webp', '3007494907380914333.webp', '3008214521752619080.webp']",,,,
22,@dosirak_hansol,"['2977747172012802497.jpg', '2978449530371805880.jpg', '2978982370851237033.jpg', '2980761163769230102.jpg', '2981330129042477019.jpg', '2982068016461634534.jpg', '2983594170645401382.jpg', '2984745717722930814.jpg', '2987768072913200493.jpg', '2988705982646682656.jpg', '2989427788567543545.jpg', '2991524586282942311.jpg', '2992220211148327176.jpg', '2993034638810676751.jpg', '2994138941256231946.jpg', '2994537536853721320.jpg', '2996688212610261836.jpg', '2997393668244863219.jpg', '2998124727664318930.jpg', '3000973326404188291.jpg', '3001732166309473843.jpg', '3002464204117497942.jpg', '3003173226411906880.jpg', '3003947446351849443.jpg', '3004550779005469266.jpg', '3005298535647053162.jpg', '3006133772937399243.jpg', '3008236222402189036.jpg']",,,,
23,@d_soms,"['2952538297488282979.jpg', '2955379078725070119.jpg', '2956108067315724896.jpg', '2956835077646372048.jpg', '2964912990153135321.jpg', '2965448041819492160.jpg', '2970314707716012378.jpg', '2970617959300928813.jpg', '2971452252503704813.jpg', '2972099358080013664.jpg', '2972793032149404215.jpg', '2973549250656667263.jpg', '2974727005381560494.jpg', '2975706908243432427.jpg', '2976411838583350716.jpg', '2977108891709790874.jpg', '2979324216941583503.jpg', '2980792722094639738.jpg', '2981460966258493212.jpg', '2982259546908857566.jpg', '2985631041752306393.jpg', '2987343710075216983.jpg', '2990157891761727420.jpg', '2990938507453277559.jpg', '2994915638432483139.jpg', '2998093569652434062.jpg', '2999171765408049238.jpg', '3002109830237627836.jpg', '3003291635477337117.jpg', '3006179023836767128.jpg']",,,,
24,@eungil_j,"['2967536957485198586.jpg', '2968998453964644456.jpg', '2970588222367509551.jpg', '2971905587991768424.jpg', '2973212600453359579.jpg', '2974972810767419998.jpg', '2976282580656928806.jpg', '2977704198490955873.jpg', '2979137032598477012.jpg', '2980669477533670257.jpg', '2981318564465406086.jpg', '2982862132015344909.jpg', '2984377947122350814.jpg', '2985767112401598180.jpg', '2987209298498345140.jpg', '2988524930707903395.jpg', '2990059215315258638.jpg', '2991427308092165227.jpg', '2992921086040743785.jpg', '2994368017321543240.jpg', '2995918055918916083.jpg', '2997241791389874330.jpg', '2998711162414846529.jpg', '3000121056598856783.jpg', '3000894971520644430.jpg', '3002364961499206111.jpg', '3003766488902184710.jpg', '3005208333356140310.jpg', '3006787801480797122.jpg', '3008199659983056836.jpg']",,,,
25,@e_wolly,"['2981491203242810964.jpg', '2982226033450524834.jpg', '2982940169759120115.jpg', '2983677626992689769.jpg', '2985810264071139612.jpg', '2986585819922151393.jpg', '2987300144538370031.jpg', '2988755611554691856.jpg', '2989466627980688378.jpg', '2991591763857020482.jpg', '2992327495286416546.jpg', '2993124094623171655.jpg', '2993821645957583415.jpg', '2994589413950717329.jpg', '2996038017122507419.jpg', '2997480716132767717.jpg', '2998182710501814029.jpg', '2998909022782619665.jpg', '2999652627096930201.jpg', '3002553457261331156.jpg', '3003240284976768575.jpg', '3004655403904322113.jpg', '3005455161182978268.jpg', '3007620287785917317.jpg']",,,,
26,@geol_dong,"['2966705557022829475.jpg', '2967535644362247684.jpg', '2969138805162159992.jpg', '2971244732971490293.jpg', '2973943855751617233.jpg', '2975516817252405361.jpg', '2976116415314444037.jpg', '2977100159345121827.jpg', '2977810159180896715.jpg', '2979002093438137289.jpg', '2980501135934476949.jpg', '2981933727996982493.jpg', '2983366872164218974.jpg', '2985704691440425029.jpg', '2987011754493761717.jpg', '2989933889726066683.jpg', '2990663651788513034.jpg', '2991299477572579867.jpg', '2992070340903265275.jpg', '2994253770499824359.jpg', '2995644177553054358.jpg', '2997923044594707863.jpg', '2999333942567699366.jpg', '3000710233942609433.jpg', '3001494586775640936.jpg', '3002175886801165727.jpg', '3002965165919872227.jpg', '3004404140782082102.jpg', '3007287107984297503.jpg']",,,,
27,@grey_woo9,"['2946588928195356188.jpg', '2948026635530411687.jpg', '2949490343960986757.jpg', '2971947752130300808.jpg', '2973410699327177903.jpg', '2974879119872728332.jpg', '2976291530177512726.jpg', '2977749151917200695.jpg', '2979205256207839052.jpg', '2979946504765976024.jpg', '2981419645614813835.jpg', '2982834858813706228.jpg', '2984278942472447344.jpg', '2985736275761039317.jpg', '2987189421163349475.jpg', '2987905454916434983.jpg', '2989337116866877672.jpg', '2990560289327176575.jpg', '2992298913756601289.jpg', '2993691721537066536.jpg', '2995861623286848342.jpg', '2997324002927359787.jpg', '2998806385069561304.jpg', '2999495601390685521.jpg', '3000942833738457307.jpg', '3002400616120017914.jpg', '3003839404704608294.jpg', '3005300661479610833.jpg', '3006741433089309786.jpg', '3008202236175042068.jpg']",,,,
28,@hamnihouse,"['2840582226138098977.webp', '2844493320288181103.webp', '2916199352739117163.webp', '2997174162666997474.webp', '2997281867486425887.webp', '2997847261594791324.webp', '2997954409897209058.webp', '2998056940036080155.webp', '2998115966182695770.webp', '2998551249625589855.webp', '2998890526398011505.webp', '2998927799693004574.webp', '2999354155601975585.webp', '2999512668248491577.webp', '3000033316262373223.webp', '3000391519479190544.webp', '3000813630099809645.webp', '3001462473761855770.webp', '3002142990459112959.webp', '3002975756868169962.webp', '3003630489022776524.webp', '3003685760034355389.webp', '3004324857115328494.webp', '3004543632934759203.webp', '3005195766315551604.webp', '3007253064072452727.webp', '3008104316003948801.webp']",,,,
29,@hawl_0.s,"['2865358466229049739.jpg', '2868434871242387882.jpg', '2875061772828510831.jpg', '2885241136580839666.jpg', '2886050950756515495.jpg', '2906257712297735321.jpg', '2926417323298287246.jpg', '2928473204353437902.jpg', '2932012568933211345.jpg', '2933009618663503169.jpg', '2934283767662980891.jpg', '2937273732600582940.jpg', '2948991796539026820.jpg', '2951249594438446197.jpg', '2953224473848686804.jpg', '2954853836205716376.jpg', '2955559508903965174.jpg', '2957283798779103133.jpg', '2962021589987377504.jpg', '2971967626269415093.jpg', '2973673785686593836.jpg', '2979854223425864260.jpg', '2985987229978913828.jpg', '2988927989670427739.jpg', '2990454413871082130.jpg', '2993125933079902729.jpg', '2993363275208801250.jpg', '3003088552792587238.jpg']",,,,
30,@hmm.__.u,"['2962490581265066820.jpg', '2963953533990145361.jpg', '2965388538507196138.jpg', '2966968027083369417.jpg', '2968300956652885845.jpg', '2969757607721173996.jpg', '2971258611322084439.jpg', '2972635170395148815.jpg', '2974090001261772381.jpg', '2975546764477349169.jpg', '2977023400968350303.jpg', '2978440018831251224.jpg', '2979893930700570469.jpg', '2981362824749372797.jpg', '2982780463069629880.jpg', '2984229010382182154.jpg', '2985683782855554828.jpg', '2987181231315058242.jpg', '2988578439004237282.jpg', '2990045979400413722.jpg', '2992249483992966548.jpg', '2993685383348036276.jpg', '2995137675033210784.jpg', '2997305102303217413.jpg', '2998750300254080936.jpg', '3000184339125095888.jpg', '3002450107766279423.jpg', '3003790338377475921.jpg', '3005267310966325725.jpg', '3007483055770981599.jpg']",,,,
31,@hodu__jwan,"['2975672641873821848.jpg', '2976762455742422293.jpg', '2977856249443251428.jpg', '2979001684262335318.jpg', '2979946477133975018.jpg', '2981162647807764698.jpg', '2982076388829287381.jpg', '2983283334659773065.jpg', '2984816415132792452.jpg', '2985781169610514235.jpg', '2987264095016675271.jpg', '2988000190301760077.jpg', '2989263297594603808.jpg', '2990093742875886361.jpg', '2991421513946395119.jpg', '2992304851523508624.jpg', '2993551721709418804.jpg', '2994948365541682580.jpg', '2995934058321525225.jpg', '2996681309205317770.jpg', '2998111520052597191.jpg', '2998891199525184074.jpg', '3000153572462516789.jpg', '3000910588516755466.jpg', '3001750491190044363.jpg', '3003106405746947144.jpg', '3003972056715858191.jpg', '3005315256894277797.jpg', '3006573813417515104.jpg', '3008816208225764421.jpg']",,,,
32,@hotneul,"['2986252727778008410.jpg', '2986978153282306557.jpg', '2987703259876974778.jpg', '2988428094731100382.jpg', '2989154734360594370.jpg', '2989833221090289094.jpg', '2990592261365845682.jpg', '2991329570918922739.jpg', '2992775648692315299.jpg', '2993501865628315062.jpg', '2994224563316699925.jpg', '2994935542253982221.jpg', '2995688582200266855.jpg', '2996409974428303636.jpg', '2997126998507083340.jpg', '2997868270569985050.jpg', '2998587131258990750.jpg', '2999314370371985696.jpg', '3000024733006549305.jpg', '3000942918287377957.jpg', '3001483974821278335.jpg', '3002198108151809800.jpg', '3002925203433746125.jpg', '3003649417514183263.jpg', '3004372490676852526.jpg', '3005091747643377700.jpg', '3005808055829880186.jpg', '3006546239735970914.jpg', '3007272467803437396.jpg', '3007997248920297872.jpg']",,,,
33,@hwi____ii,"['2924881215636710196.jpg', '2925617102330942912.jpg', '2932114181257534628.jpg', '2939324761634550892.jpg', '2943022626402759366.jpg', '2945183871026490870.jpg', '2946674375010486060.jpg', '2946702111942898479.jpg', '2950223092804035016.jpg', '2953847950016420477.jpg', '2957450629485592465.jpg', '2964039568799975776.jpg', '2969793792636340174.jpg', '2970341361791571269.jpg', '2970553382255698998.jpg', '2974060404247680887.jpg', '2974103582585898949.jpg', '2975590374895889125.jpg', '2976337289539282965.jpg', '2979004376099453592.jpg', '2981370457594116750.jpg', '2984828254444903440.jpg', '2986463998519533341.jpg', '2988654043657433905.jpg', '2990214919767195213.webp', '2991478599237586217.jpg', '3000980204718489446.jpg', '3002176653817258672.jpg', '3006010861366948122.jpg', '3007458906134705217.jpg']",,,,
34,@j0ng_wo0,"['2989996247318135925.jpg', '2991317611723377574.jpg', '2992085572931437748.jpg', '2992749172339757148.jpg', '2993477246043727289.jpg', '2994415571978067559.jpg', '2995079431047211072.jpg', '2995637438424465422.jpg', '2995902743511963218.jpg', '2996376002107923450.jpg', '2997144902831661895.jpg', '2997376469063651489.jpg', '2997808295368217968.jpg', '2998031072293770874.jpg', '2998589075719778914.jpg', '2999280394545100962.jpg', '3000006970337263716.jpg', '3000750452672751364.jpg', '3001465882269804678.jpg', '3002273187609595146.jpg', '3002937471385579654.jpg', '3003637686505778387.jpg', '3004347367901466084.jpg', '3005279274805916917.jpg', '3005962510443849251.jpg', '3006531419194548113.jpg', '3007400084030933756.jpg', '3008118870447044590.jpg']",,,,
35,@jelly_wony,"['2967471037394445467.jpg', '2974019877169680499.jpg', '2991572889253640987.jpg', '2992154887202499984.jpg', '2992806689937685849.jpg', '2992934163577160557.jpg', '2993826082776267599.jpg', '2994970796191124028.jpg', '2995216682280996832.jpg', '2995289474351433258.jpg', '2996608491590023247.jpg', '2997196073021514514.jpg', '2997419771847144381.jpg', '2997487680908180240.jpg', '2998204439773279406.jpg', '2999355955837484793.jpg', '2999567088083552500.jpg', '3000848971412608476.jpg', '3001109453655239973.jpg', '3001606357832830117.jpg', '3001802588504968082.jpg', '3002333301633215291.jpg', '3002394831778811210.jpg', '3002912462638392158.jpg', '3003880432092968401.jpg', '3004005626824957178.jpg', '3005180649245789666.jpg', '3006728103262480914.jpg', '3007394827645938821.jpg', '3007628629936416873.jpg']",,,,
36,@jess.02.23,"['2975350310191214333.jpg', '2978564525219425368.jpg', '2978569792577385633.jpg', '2978590957345790988.jpg', '2978602610699512509.jpg', '2982839797515171873.jpg', '2982860868750534776.jpg', '2983286143871262166.jpg', '2983972663456420356.jpg', '2985101113951107540.jpg', '2986289342802769207.jpg', '2986369456257211411.jpg', '2986559966207159532.jpg', '2986944781060062653.jpg', '2989829365426599015.jpg', '2989836779068681986.jpg', '2998163918073879001.jpg', '2998205116935267246.jpg', '2999961329877991132.jpg', '3004745151566089326.jpg', '3004758240942357561.jpg', '3005377548676266419.jpg']",,,,
37,@jin.wonder,"['2981292876710591915.jpg', '2982009697281754624.jpg', '2982734864358104255.jpg', '2983467165006270205.jpg', '2984109380032390316.jpg', '2986365062320434589.jpg', '2987089948848216985.jpg', '2987812842385572840.jpg', '2988539965744148409.jpg', '2989270621646258610.jpg', '2990802323845760375.jpg', '2991447290620618510.jpg', '2992136462918411088.jpg', '2992896262404969145.jpg', '2993620795009199906.jpg', '2994342834762340090.jpg', '2995785981589691613.jpg', '2996514667813066140.jpg', '2997294001666637882.jpg', '2997982719234723960.jpg', '2999411987009359467.jpg', '3003765123027103590.jpg', '3004505673149848743.jpg', '3005263772835948440.jpg', '3006629397215034874.jpg', '3007398996114031916.jpg', '3008103195302919853.jpg']",,,,
38,@jindalorian,"['2984025563317668799.jpg', '2984228260750876393.jpg', '2985783369238738299.jpg', '2986488904799963388.jpg', '2987244331103896515.jpg', '2988732911101730034.jpg', '2989497605794292200.jpg', '2990238656807855376.jpg', '2990919572862692339.jpg', '2992090090617738033.jpg', '2992679944925768168.jpg', '2993678039054615672.jpg', '2994404347795654765.jpg', '2995819897914651905.jpg', '2996652460723803933.jpg', '2997652742723794449.jpg', '2998191995903415106.jpg', '2998869902476790662.jpg', '2999604296198936477.jpg', '3000323411533622695.jpg', '3000976401055430652.jpg', '3001699437568129485.jpg', '3002433945217156425.jpg', '3003163140243093811.jpg', '3003677194762227280.jpg', '3004515425737091406.jpg', '3005309040172249844.jpg', '3006049955216260089.jpg', '3006804237624350044.jpg', '3007557611613544179.jpg']",,,,
39,@jin_pyo_is,"['2980402121574027063.webp', '2981113451297739647.jpg', '2981852705850230967.webp', '2982681481010215957.webp', '2983406725597355099.webp', '2984022368424074736.webp', '2984760121432515614.webp', '2986169041364445057.jpg', '2986943124711844389.webp', '2987669857807276533.webp', '2987983445726021858.webp', '2988388186616247013.webp', '2989075377684223313.webp', '2989831039481657761.webp', '2990527480961348627.webp', '2991280691615730007.webp', '2991997734434397648.webp', '2992726339649066017.webp', '2993425576658296381.webp', '2994171482042328396.webp', '2995644258238415456.webp', '2996347179146025060.webp', '2997109860681563315.webp', '2997776222374336047.webp', '2998565805798437630.webp', '2999243056181181408.webp', '3001422242526488853.webp', '3003590416827101548.webp', '3005042730557283341.webp', '3007218086043274877.webp']",,,,
40,@jung_staas,"['2959758138687190389.jpg', '2960475740724069492.jpg', '2961926954668729907.jpg', '2963009207546595669.jpg', '2964080532822369914.jpg', '2964710514883871504.jpg', '2966279013169679868.jpg', '2966995975944507825.jpg', '2967729090799180117.jpg', '2969170701443397985.jpg', '2971345800609598332.jpg', '2972062650680480114.jpg', '2975671303660776234.jpg', '2976409298135357832.jpg', '2978609666806187022.jpg', '2979337147217367135.jpg', '2980057263454340784.jpg', '2980795021571571069.jpg', '2982954226025954898.jpg', '2984260847637308412.jpg', '2988720796172438183.jpg', '2989475607509351200.jpg', '2991642566827321355.jpg', '2993094573611818132.jpg', '2993822378576625081.jpg', '2994539349060383413.jpg', '2995985589421928301.jpg', '3005482461975003792.jpg', '3007586519306730116.jpg']",,,,
41,@kimchiz_man,"['2964515206642140112.jpg', '2989853789762588524.jpg', '2991227182640549000.jpg', '2991958133452680381.jpg', '2992684887276418894.jpg', '2993408707117279477.jpg', '2994124815822547358.jpg', '2995238583208323216.jpg', '2995604550394178663.jpg', '2996303096835723077.jpg', '2996598777540056380.jpg', '2997014603215079660.jpg', '2997410284272877566.jpg', '2997747752899258768.jpg', '2998494939065287791.jpg', '2999204791353681766.jpg', '2999959688109921537.jpg', '3000708532015770351.jpg', '3001382077804989524.jpg', '3002115767271024272.jpg', '3002829575266474692.jpg', '3003547247792656626.jpg', '3004278308302644697.jpg', '3005057109236179203.jpg', '3005805188778111890.jpg', '3006441829106923230.jpg', '3007172707599779428.jpg']",,,,
42,@kimyannnnngh,"['2603732303622189376.jpg', '2976814305577430015.jpg', '2977513817664959125.jpg', '2979001830500871335.jpg', '2980753295665953089.jpg', '2981879822772201486.jpg', '2982605138419316066.jpg', '2984787764009942491.jpg', '2987153052638556200.jpg', '2988435213026987918.jpg', '2989141056525458676.jpg', '2992051729899361525.jpg', '2992964379646773465.jpg', '2993685343770511252.jpg', '2994484248028568480.jpg', '2996591562021910843.jpg', '2997311621727957976.jpg', '2998042588956502027.jpg', '2998760711590369939.jpg', '3000195183992903389.jpg', '3000958599321996642.jpg', '3001659398633206868.jpg', '3003115065113994098.jpg', '3003868567423492130.jpg', '3004576444958220853.jpg', '3005302559033190353.jpg', '3006732132673144225.jpg', '3007445553173607630.jpg']",,,,
43,@kj_m.w,"['2914077262372166811.jpg', '2973483936614662475.jpg', '2974258523505789144.jpg', '2975689765488088809.jpg', '2976408541335396053.jpg', '2977855988507337141.jpg', '2980750399943622332.jpg', '2981474421059629463.jpg', '2982911054033343765.jpg', '2983544247086232944.jpg', '2987293327468826962.jpg', '2987986008705747196.jpg', '2988742841450939596.jpg', '2989455888768412630.jpg', '2990888455739656474.jpg', '2992356794957595999.jpg', '2993090503071734563.jpg', '2993774162352249003.jpg', '2994526702706411257.jpg', '2996711482733758881.jpg', '2997388980321611182.jpg', '2998008519723973777.jpg', '2999613100236005022.jpg', '3000325903334911121.jpg', '3001794521978481271.jpg', '3002469294777797979.jpg', '3003129836420808363.jpg', '3003941355944637392.jpg', '3005389246034612836.jpg', '3007497713622084459.jpg']",,,,
44,@kxyxn,"['2960835424047500965.jpg', '2961561389375550634.jpg', '2963419904654336690.jpg', '2964506710778864076.jpg', '2965345937188127022.jpg', '2966159476035250215.jpg', '2966626598230308964.jpg', '2966721468420819093.jpg', '2967354114912387045.jpg', '2967773452183641791.jpg', '2968069824514590405.jpg', '2968777429947812136.jpg', '2969048186691126829.jpg', '2970403963095880055.jpg', '2970998022160109308.jpg', '2971693023164688012.jpg', '2972504745618378981.jpg', '2975566942015786203.jpg', '2976290373967316144.jpg', '2976849154941962098.jpg', '2980651150883071811.jpg', '2988318803349094198.jpg', '2989054389588429145.jpg', '2990102864807660197.jpg', '2995095465554087285.jpg', '3000113371182532969.jpg', '3004432435015267417.jpg', '3005116620428206470.jpg', '3005961722763444630.jpg']",,,,
45,@k_8_8bsoo,"['2973894309171948912.jpg', '2974616329169776853.jpg', '2975339071284364688.jpg', '2976079240413143287.jpg', '2976791757485511521.jpg', '2977536115952529324.jpg', '2978972725487206407.jpg', '2979700442029497770.jpg', '2980433494833852304.jpg', '2981871279033755384.jpg', '2983311161887226688.jpg', '2984765105674939061.jpg', '2986220575526904487.jpg', '2988395189174635897.jpg', '2988669199162769145.jpg', '2989853438591670810.jpg', '2990580312037117008.jpg', '2992019719407395877.jpg', '2993468131915042558.jpg', '2994916169418043211.jpg', '2995691334393524114.jpg', '2997091128257194135.jpg', '2997818881835110494.jpg', '2998776846800913215.jpg', '2999996951086078868.jpg', '3000959029389168948.jpg', '3002366659420544325.jpg', '3003816104976861113.jpg', '3005895826086829676.jpg', '3008173242813648549.jpg']",,,,
46,@lamode.seoul,"['2958273124069334788.jpg', '2973189816826309311.jpg', '2987917213211538534.jpg', '2994301992557796109.jpg', '2994417255011006263.jpg', '2997190546363324317.jpg', '2997796426278181012.jpg', '2997883277687593814.jpg', '2998535979658650204.jpg', '2998733786491591046.jpg', '2999276991764885052.jpg', '2999283746842506806.jpg', '2999488485208604129.jpg', '3001500528554774418.jpg', '3001610125392252431.jpg', '3002881840957474923.jpg', '3003082042670436820.jpg', '3004396963231122043.jpg', '3005309254652037114.jpg', '3005388347245261097.jpg', '3006665332467784665.jpg', '3007278642882802247.jpg', '3007439151457389521.jpg', '3007605755066412187.jpg', '3007952353425753445.jpg', '3008098513166058696.jpg']",,,,
47,@lil_0uzi_vert,"['2979163133358000550.jpg', '2979891148475973324.jpg', '2981272952684498368.jpg', '2982076189658436296.jpg', '2983460946916970527.jpg', '2984840206231765165.jpg', '2985813579441978349.jpg', '2986296486414740590.jpg', '2987754157068130952.jpg', '2989102063406744510.jpg', '2989986652387868377.jpg', '2990655864018055003.jpg', '2991512936528010701.jpg', '2994311855070830704.jpg', '2995108690991696264.jpg', '2995829001122848108.jpg', '2996460998900052882.jpg', '2996703423261076273.jpg', '2997310233622924602.jpg', '2998091892312007291.jpg', '2998749176398790332.jpg', '2999352652808058814.jpg', '3000097846913315968.jpg', '3000824674675291381.jpg', '3001611577250928986.jpg', '3002903834377685784.jpg', '3004674807611340178.jpg', '3005277320127708065.jpg', '3006049470203694694.jpg', '3006746416375657313.jpg']",,,,
48,@loolinmx,"['2956789469375625189.jpg', '2958240008630064325.jpg', '2960500314878038681.jpg', '2961226990654127263.jpg', '2963232309995479096.jpg', '2967067072451679928.jpg', '2967648358526439758.jpg', '2968447788473329120.jpg', '2968483646769437761.jpg', '2969918453424493096.jpg', '2974959190327371570.jpg', '2975646728465564452.jpg', '2977076946300305935.jpg', '2977856296369026866.jpg', '2978464925807833338.jpg', '2979356422598233168.jpg', '2982244275132918064.jpg', '2983716568799399042.jpg', '2988636875364511125.jpg', '2993719197516500454.jpg', '2995977260112926237.jpg', '2996626919241154794.jpg', '2997459239594600851.jpg', '2998197755630749076.jpg', '2998854738952076278.jpg', '3001686872750436208.jpg', '3002541535708304225.jpg', '3003270768248020665.jpg', '3003969266001964453.jpg', '3007612938274802590.jpg']",,,,
49,@lxx.s.y_,"['3002379597288223838.jpg', '3002879682451135377.jpg', '3002951806964587068.jpg', '3003652925688653845.jpg', '3003684732530408138.jpg', '3003716272320826904.jpg', '3004425451188606096.jpg', '3004596341788489001.jpg', '3005329906683806729.jpg', '3005369734871716289.jpg', '3006592645297291562.jpg', '3006644971059870507.jpg', '3006798792729903421.jpg', '3007293930577172410.jpg', '3007357410495911639.jpg', '3007406281813050256.jpg', '3007419670022925889.jpg', '3007565067559232211.jpg', '3007584120789112673.jpg', '3007895031919866401.jpg', '3007921068598727627.jpg', '3007958308800690098.jpg', '3008080955500660867.jpg', '3008117626753640857.jpg', '3008175514406746261.jpg', '3008202223483058104.jpg', '3008245169590872681.jpg']",,,,
50,@malko_bee,"['2995923976296350175.jpg', '2996387443055152973.jpg', '2996698015561922267.jpg', '2997134111325214432.jpg', '2997416318634602415.jpg', '2997843776438767271.jpg', '2998155960011082434.jpg', '2998759520424737313.jpg', '2999401006665413666.jpg', '2999989325472265477.jpg', '3000289357165746130.jpg', '3000727744888576341.jpg', '3001022947452016188.jpg', '3001519961714688103.jpg', '3001757008038669903.jpg', '3002187776977248157.jpg', '3002916935915354907.jpg', '3003941211568151531.jpg', '3004353523899859307.jpg', '3004654378272211233.jpg', '3005166858694073192.jpg', '3005399852365190232.jpg', '3006100632205322963.jpg', '3006574631851962146.jpg', '3007461762740937705.jpg', '3008187912190536746.jpg']",,,,
51,@mavlfit,"['2986912665709780189.jpg', '2988355941813879802.jpg', '2989099686477802864.jpg', '2989961177871469349.jpg', '2990584848864728657.jpg', '2991261148944046657.jpg', '2991968210837709078.jpg', '2992698939125205883.jpg', '2992945021700718383.jpg', '2993432756920222511.jpg', '2993678688643343662.jpg', '2994152615761103099.jpg', '2994927320579193214.jpg', '2996352139556363614.jpg', '2997080029868648878.jpg', '2997770714716484865.jpg', '2997942041498730192.jpg', '2998531012855467169.jpg', '2999231524043115098.jpg', '3000984826480691393.jpg', '3001407377770439631.jpg', '3002127881460343002.jpg', '3002850030139564998.jpg', '3003574350763559322.jpg', '3004304381462945843.jpg', '3005045662493388204.jpg', '3006026245889399142.jpg', '3006468553902511529.jpg', '3007184195454635907.jpg', '3007917433529688140.jpg']",,,,
52,@mini.d31,"['2912245005013594423.jpg', '2913412420560883366.jpg', '2914853581796375968.jpg', '2916229271674363991.jpg', '2918538760681826297.jpg', '2925035844785895842.jpg', '2926358078393518547.jpg', '2930651872064537924.jpg', '2932007093504122304.jpg', '2934780481209612692.jpg', '2936531866187741176.jpg', '2937991570894203755.jpg', '2941602307000655601.jpg', '2943112067160168300.jpg', '2947404785512154717.jpg', '2950346383137023614.jpg', '2952459957615468942.jpg', '2958297363153460675.jpg', '2960810347788606360.jpg', '2963120691462625169.jpg', '2965193740534148102.jpg', '2970671525348155717.jpg', '2971759886997522665.jpg', '2977934230715101207.jpg', '2983206710887593797.jpg', '2987168155756914241.jpg', '2994440457455380636.jpg', '2996607801132647057.jpg', '3003008684872551244.jpg', '3008176485379865189.jpg']",,,,
53,@moodonx2,"['2983347653917401783.jpg', '2984125877261838223.jpg', '2984333912123034184.jpg', '2984806626658947086.jpg', '2986330671544062080.jpg', '2986642851829370833.jpg', '2986981052007751738.jpg', '2987372096943799748.jpg', '2988083796647075896.jpg', '2988431006525905489.jpg', '2988473763403467271.jpg', '2988760806444604441.jpg', '2989863405868687057.jpg', '2991357147712609919.jpg', '2992448164222278323.jpg', '2993604201117692483.jpg', '2994254409665173390.jpg', '2994343361684420410.jpg', '2996427303119935307.jpg', '2996757211847137098.jpg', '2997560358752516427.jpg', '2998673245134991543.jpg', '2999334635453692753.jpg', '3001132760489028807.jpg', '3001536203435505759.jpg', '3003609076891220512.jpg', '3004786577516716809.jpg', '3005458762161813619.jpg', '3006227535529686714.jpg', '3006590060188155155.jpg']",,,,
54,@my_own_way_____,"['2982093345997622240.jpg', '2982680527636303584.jpg', '2983393371654915765.jpg', '2983576729865160832.jpg', '2984141015746378186.jpg', '2985586576404056532.jpg', '2986304972800336647.jpg', '2987798331947646295.jpg', '2988667495864313775.jpg', '2988732482896993986.jpg', '2989366365384448237.jpg', '2990086270530438973.jpg', '2990130511956687203.jpg', '2990631531786959007.jpg', '2990941926682680729.jpg', '2993767773848269892.jpg', '2993787119949631178.jpg', '2996650842636724388.jpg', '2997292801592164543.jpg', '2998920357018036140.jpg', '2999369022673206200.jpg', '3003063524642455616.jpg', '3003103055773138654.jpg', '3003748541827746036.jpg', '3003820840027292489.jpg', '3003963354424063445.jpg', '3003983938390385971.jpg', '3004448507529366773.jpg', '3005121677450226877.jpg', '3005148047618083117.jpg']",,,,
55,@m_n__day,"['2980418650025882542.jpg', '2980697922229535480.jpg', '2981424214394707046.jpg', '2982148697875185555.jpg', '2982880489611493281.jpg', '2983538059003145765.jpg', '2984965155982252468.jpg', '2986420004506637572.jpg', '2987152957025061016.jpg', '2987901397237589545.jpg', '2988599239346370138.jpg', '2989874592253662362.jpg', '2990788426724275784.jpg', '2992286080704668600.jpg', '2993003625564649031.jpg', '2993726457328403058.jpg', '2994448562327971352.jpg', '2995678353190415363.jpg', '2996406788829423233.jpg', '2998001744756943978.jpg', '2998759423779578528.jpg', '3000222356305064739.jpg', '3000939740900631621.jpg', '3001644368873381420.jpg', '3002380375725913524.jpg', '3003116188482749423.jpg', '3003835322069888427.jpg', '3005251999684773168.jpg', '3005999411177143546.jpg', '3007263198626708007.jpg']",,,,
56,@odor_bubu,"['2944457057173877759.jpg', '2947334855005581056.jpg', '2950051052939765458.jpg', '2952395675334922038.jpg', '2953138234948704258.jpg', '2954576147259344141.jpg', '2958205400521741077.jpg', '2961865618745185067.jpg', '2963270122703010209.jpg', '2965476490889564568.jpg', '2966219415349019825.jpg', '2966940769232859401.jpg', '2969056816203222383.jpg', '2974690706796296055.jpg', '2976320598163889224.jpg', '2978472956163532827.jpg', '2979815560616847319.jpg', '2981352849075538260.jpg', '2982095240346716425.jpg', '2983383630593414632.jpg', '2984296738711254697.jpg', '2985017141175999274.jpg', '2986461127208039367.jpg', '2991515799375352681.jpg', '2992988940786328761.jpg', '2997358153848096458.jpg', '2999541258352826118.jpg', '3003113330433758556.jpg', '3003882777591256844.jpg', '3007527306886175408.jpg']",,,,
57,@oneh6_,"['2802369139379569398.jpg', '2819699922867961822.jpg', '2929121653533029794.jpg', '2931938856624104416.jpg', '2934415013063717374.jpg', '2935179362774614441.jpg', '2935940349400275228.jpg', '2936635257828275490.jpg', '2937316726758376514.jpg', '2938047017814751983.jpg', '2939312254371191898.jpg', '2941059386585196100.jpg', '2942184806252687187.jpg', '2943850104273899064.jpg', '2943861064862672173.jpg', '2946586485399136451.jpg', '2947851855763195249.jpg', '2950127226482122048.jpg', '2957706391910711687.jpg', '2959470239667778410.jpg', '2972615645700467241.jpg', '2984406685084035760.jpg', '2988773128923895935.jpg', '2994227215811327109.jpg', '2994874255939725135.jpg', '2996384984278588080.jpg', '2998791619701760519.jpg', '3002300778950881519.jpg', '3005281845899058192.jpg', '3006066109385043473.jpg']",,,,
58,@one_r_k,"['2931272721965133725.jpg', '2932753460258844046.jpg', '2935611156125370664.jpg', '2941386561058998089.jpg', '2942883076772213885.jpg', '2945059188398994871.jpg', '2946490487995327852.jpg', '2947974900792745020.jpg', '2950841068599690692.jpg', '2952288883645570473.jpg', '2953817373930711588.jpg', '2956578471134283617.jpg', '2956730990548443781.jpg', '2958150522210883143.jpg', '2961089772174861689.jpg', '2961817764048126594.jpg', '2962483355247425081.jpg', '2966852485807261099.jpg', '2969765028565515767.jpg', '2971027832895240581.jpg', '2974005392583198538.jpg', '2982043485324409234.jpg', '2983449107768934570.jpg', '2986423631493727883.jpg', '2987837013908695677.jpg', '2989335343994240035.jpg', '2992131924774531024.jpg', '2993608269546965156.jpg', '3002364046189471244.jpg']",,,,
59,@oohsehun,"['2780458540801541065.jpg', '2785497302589805649.jpg', '2785497499923492246.jpg', '2795102887358545338.jpg', '2828440573037114511.jpg', '2841493099680465610.jpg', '2842013797523944777.jpg', '2843893573907021172.jpg', '2844232392182162709.jpg', '2845107084937992974.jpg', '2860577385902581865.jpg', '2864709766262693336.jpg', '2867490183168579396.jpg', '2892497576655644120.jpg', '2896450423985382004.jpg', '2905999386707096570.jpg', '2918128416310837841.jpg', '2924199397001296091.jpg', '2935465910485338981.jpg', '2943461135316131497.jpg', '2948780447270613476.jpg', '2979070746253151717.jpg', '2979072519739245777.jpg', '2984909844343720032.jpg', '2985034740063403177.jpg', '2985264024310733267.jpg', '2985269960492368488.jpg', '2985431091329959011.jpg', '2985811011907342392.jpg', '2985925352266583966.jpg']",,,,
60,@oytoyt_,"['2986549002397177737.jpg', '2987234563718938710.jpg', '2988005321528461977.jpg', '2988717334923807443.jpg', '2989406849125513602.jpg', '2990182656549758206.jpg', '2990889489157374446.jpg', '2991630622825234891.jpg', '2992344986641480516.jpg', '2992475658304426910.jpg', '2993063610813335856.jpg', '2995964362820978734.jpg', '2996674379174955194.jpg', '2997127895030961489.jpg', '2997428221968836857.jpg', '2998128221854076456.jpg', '2998134629634919881.jpg', '2998786091432995431.jpg', '2998882063457557370.jpg', '2999586859495734524.jpg', '3000023935082126051.jpg', '3000934001759138676.jpg', '3001763265252266782.jpg', '3002479327660833415.jpg', '3005358109628377632.jpg', '3006009039889759082.jpg', '3006551003617910689.jpg', '3006837517336731650.jpg', '3007574211904368477.jpg', '3008010404329636342.jpg']",,,,
61,@ro.seon,"['2945032103499930772.jpg', '2945156276138407590.jpg', '2952318257542811109.jpg', '2953801754807652835.jpg', '2955848026930650026.jpg', '2956609217256976236.jpg', '2961594639787729789.jpg', '2966237316823114122.jpg', '2967628957739904903.jpg', '2968327822243643897.jpg', '2968992061602112968.jpg', '2969762924328856591.jpg', '2973954021447842330.jpg', '2976329837519315723.jpg', '2977156481838494178.jpg', '2984208385915530660.jpg', '2987913645436467760.jpg', '2988695737892115684.jpg', '2991514120689195020.jpg', '2992286180982084075.jpg', '2993695049472882747.jpg', '2994421624788171478.jpg', '2996692521771208131.jpg', '3001003242897804111.jpg', '3003176784885297288.jpg', '3003826372960154369.jpg', '3004638635438798849.jpg', '3005296954906215774.jpg', '3006663772338068560.jpg', '3007435865623160308.jpg']",,,,
62,@rozley._.y,"['2995711395697675547.jpg', '2995905288045247510.jpg', '2996447612198407220.jpg', '2996592640652708043.jpg', '2997214096809937101.jpg', '2997313480163792789.jpg', '2997902666252113948.jpg', '2998030443030523555.jpg', '2998645078360567259.jpg', '2998766733007242237.jpg', '2999342140974531804.jpg', '2999494884373010134.jpg', '3000187022194649772.jpg', '3000906790488950945.jpg', '3001555005517692639.jpg', '3001667181405973617.jpg', '3002248266179199261.jpg', '3002409558240148893.jpg', '3002981362302403975.jpg', '3003112131104401027.jpg', '3003683201926656601.jpg', '3003842566470090617.jpg', '3004459122648989758.jpg', '3004574017276768981.jpg', '3005254124174223959.jpg', '3006087472493371854.jpg', '3006589332475048448.jpg', '3006771434860378177.jpg', '3007299185543715624.jpg', '3008074319491105930.jpg']",,,,
63,@rupinydaily,"['2993478291549347870.jpg', '2994265908239018660.jpg', '2995142907493005204.jpg', '2995748996886969213.jpg', '2997165968312372488.jpg', '2997790202711096287.jpg', '2998721842612986039.jpg', '3000896953956907562.jpg', '3001546129321276836.jpg', '3001552429267037987.jpg', '3001555693677165934.jpg', '3001560287765363447.jpg', '3001562911654958136.jpg', '3001566679415121340.jpg', '3002410062504614705.jpg', '3003072223216875464.jpg', '3003076634726992498.jpg', '3003602082033703334.jpg', '3003824069027418280.jpg', '3003826572640981576.jpg', '3007255797255491317.jpg']",,,,
64,@ruri.kim,"['2987314285189046886.jpg', '2987656271131229169.jpg', '2987713421835075388.jpg', '2988358623551075315.jpg', '2989094200521119252.jpg', '2989480213112897214.jpg', '2990035423242872167.jpg', '2990831532592804819.jpg', '2994473415809022447.jpg', '2996357572018851295.jpg', '2997032547059073102.jpg', '2997802216741167521.jpg', '2998196034907537067.jpg', '2999222962612876942.jpg', '2999667377800792218.jpg', '3000145291847692137.jpg', '3000395534443013327.jpg', '3000777084330447003.jpg', '3001619862989140637.jpg', '3002119219350218668.jpg', '3002868310887797687.jpg', '3002916148231916397.jpg', '3003597559282077570.jpg', '3005421665177240862.jpg', '3005889960149857521.jpg', '3006464752177115993.jpg', '3007215101049418953.jpg', '3007910140960418013.jpg', '3008264260039455475.jpg', '3008664416573763299.jpg']",,,,
65,@s.s_jun,"['2977009393821610741.jpg', '2984256037319434153.jpg', '2985062943260781966.jpg', '2985637913460314222.jpg', '2986501787604713688.jpg', '2987176188066958304.jpg', '2987896079246163416.jpg', '2988619630894848501.jpg', '2989395452874276322.jpg', '2990818559166204056.jpg', '2992260981796619667.jpg', '2993066766835367188.jpg', '2993683793127938225.jpg', '2994448257527945817.jpg', '2995243134448679439.jpg', '2996595252908574262.jpg', '2998038966638098489.jpg', '2998943684310827977.jpg', '2999493036859154672.jpg', '3000284053174671173.jpg', '3001670414746078035.jpg', '3002459141172947787.jpg', '3003176487382651237.jpg', '3003804445298375371.jpg', '3004499991461626635.jpg', '3005338593926150471.jpg', '3006157964323936876.jpg', '3006858007745948438.jpg', '3007569314753449773.jpg', '3008174497120216998.jpg']",,,,
66,@shura_twins_korea,"['2967066655865065915.jpg', '2970651973474170824.jpg', '2970688368813645837.jpg', '2971912593553154651.jpg', '2972111861476414211.jpg', '2975335674913196306.jpg', '2976768674792480304.jpg', '2979460860734296351.jpg', '2981550029212155167.jpg', '2982205794381779778.jpg', '2982910441698618673.jpg', '2984052780919716615.jpg', '2985204882903773046.jpg', '2986649243738863136.jpg', '2988103443043798476.jpg', '2989514153640491193.jpg', '2991017931410191274.jpg', '2992485597873751179.jpg', '2993107049390549010.jpg', '2995419506911711958.jpg', '2996807544627704104.jpg', '2998222778756200942.jpg', '3000290266423601857.jpg', '3001068618395299874.jpg', '3002588157217415843.jpg', '3004298670011889450.jpg', '3006921597823984614.jpg']",,,,
67,@siaestival,"['2724923939145787766.jpg', '2766629481463398423.jpg', '2898757593419559708.jpg', '2899349084965877627.jpg', '2902219828833868576.jpg', '2903696816237048993.jpg', '2904686535699607039.jpg', '2905443718913718770.jpg', '2908960485179077701.jpg', '2911101331827586538.jpg', '2913355287613943268.jpg', '2914883610462746908.jpg', '2916069815485271786.jpg', '2924716274095143184.jpg', '2928534472238270215.jpg', '2934788402404245237.jpg', '2942379550303978494.jpg', '2946045176469954055.jpg', '2948081184459851233.jpg', '2950331463217529767.jpg', '2954477299921055251.jpg', '2955447015992754679.jpg', '2991667099480122392.jpg', '2994275086476755260.jpg', '2995932958667081394.jpg', '2998186458079933755.jpg', '3000235549228071299.jpg', '3002413432696560401.jpg']",,,,
68,@skuukzky,"['2885667372851402675.jpg', '2887146034327127423.jpg', '2900093050761915957.jpg', '2907504428871255899.jpg', '2911666822111361572.jpg', '2912989012501117975.jpg', '2913173028940316802.jpg', '2924832285590915296.jpg', '2926222695764598493.jpg', '2937134866577047329.jpg', '2940602663378496380.jpg', '2942950907614038072.jpg', '2945740768758467025.jpg', '2956142515984515088.jpg', '2958230218000548523.jpg', '2965539585905254908.jpg', '2971140023409000041.jpg', '2974348216700254609.jpg', '2975682167254759995.jpg', '2993637663744900338.jpg', '2996730192417726039.jpg', '2997921352716789377.jpg', '3002511752542586380.jpg']",,,,
69,@slglf,"['2983588793267105746.jpg', '2984358804885794615.jpg', '2985063543512329994.jpg', '2985793538450893371.jpg', '2987255351902235819.jpg', '2987937429291742983.jpg', '2988695281849470436.jpg', '2989369437582551466.jpg', '2990154852678163783.jpg', '2990844107305543687.jpg', '2991579102198416753.jpg', '2992982373584830450.jpg', '2993743920275685486.jpg', '2994416599630787463.jpg', '2995192499901126008.jpg', '2995966515100460139.jpg', '2996681556548178735.jpg', '2997407332486611569.jpg', '2998129523788548425.jpg', '2998856903863766881.jpg', '3000239995329250988.jpg', '3000970700925525729.jpg', '3001724052609288666.jpg', '3002453151132813222.jpg', '3003888701496646948.jpg', '3004633053638507422.jpg', '3006031733746701840.jpg', '3006808404368288452.jpg', '3007507456248386078.jpg', '3008236142421527692.jpg']",,,,
70,@so_h_appy,"['2769735357758302094.jpg', '2979210330900880143.jpg', '2980477525467569374.jpg', '2981450871483080969.jpg', '2982174279980183694.jpg', '2983638001386978007.jpg', '2984324179203328623.jpg', '2985170339202245000.jpg', '2986557345689766349.jpg', '2987220133930012671.jpg', '2988728738305243662.jpg', '2989458837589589640.jpg', '2990594004863322223.jpg', '2991588352648257950.jpg', '2992265057863933508.jpg', '2993038923922036804.jpg', '2993672204111384055.jpg', '2993679624145653740.jpg', '2994377797084145095.jpg', '2995956325897058779.jpg', '2995961592550354234.jpg', '2997424363729236533.jpg', '2998161932976830706.jpg', '2998740902291441677.jpg', '2999493110692031391.jpg', '3003118547632573021.jpg', '3003741649173219741.jpg', '3004592383796291906.jpg', '3005813003703942519.jpg', '3007574789289539616.jpg']",여,"[전,전,전,전,전,전,전,전,전,전,전,전,전,전,전,전,전,전,전,니,니,전,전,전,제,전,전,전,전,전]",,
71,@so_j2,"['2991525156532199452.jpg', '2991651247669254759.jpg', '2992194182111368445.jpg', '2992985249715007870.jpg', '2993661454072129803.jpg', '2994426287704907225.jpg', '2994499165943044186.jpg', '2996557013548229054.jpg', '2996674573530757375.jpg', '2997281469983724727.jpg', '2997386621251136500.jpg', '2998076606447920472.jpg', '2998742055980448251.jpg', '2998839269225474295.jpg', '2999459735653978517.jpg', '2999558452993132679.jpg', '3000217614090635952.jpg', '3001629678533245079.jpg', '3001751820892410993.jpg', '3002369507168383502.jpg', '3002502080468112549.jpg', '3003094403645230592.jpg', '3003164034527536992.jpg', '3003812156677259892.jpg', '3003906059342190826.jpg', '3005360425395953213.jpg', '3006009826984335547.jpg', '3006682662409561448.jpg', '3008189319740208536.jpg', '3008295594897601650.jpg']",,"[전,전,전,전,상,전,전,전,전,전,전,니,전,전,전,전,전,전,전,전,전,전,전,전,전,전,니,전,전,전]",,
72,@so_love_so_,"['2843435034130284407.webp', '2846420014429753357.webp', '2859464189442255837.webp', '2987156006249109820.jpg', '2988052735659907268.jpg', '2989144129522820977.jpg', '2990209210134295462.jpg', '2990759066418328816.jpg', '2991301935705304312.jpg', '2992072090131560149.jpg', '2992963980389495533.jpg', '2993590471909321412.jpg', '2994518082000926557.jpg', '2995208835224139252.jpg', '2996022177358576151.jpg', '2996829573372301667.jpg', '2997253359538716827.jpg', '2997494910598054988.jpg', '2997930961387410310.jpg', '2998189415607864126.jpg', '2998807145654564248.jpg', '3000023234002711255.jpg', '3000930371595785026.jpg', '3001664086269702621.jpg', '3003020117713864971.jpg', '3003837398215237388.jpg', '3005000338492699637.jpg', '3005864036591340543.jpg', '3006709164788854586.jpg', '3007919525606493050.jpg']",,"[니,니,니,니,니,상,전,전,니,상,상,니,상,상,전,니,니,상,상,전,니,상,상,니,상,상,니,니,상,상]",,
73,@sualboys,"['2939355863069972319.jpg', '2944448182731236602.jpg', '2948094541749463759.jpg', '2950281668977245647.jpg', '2953866809662409839.jpg', '2955313982006474063.jpg', '2958229547926782073.jpg', '2959676249703451403.jpg', '2961110906982885428.jpg', '2962576293528218725.jpg', '2964028166865033480.jpg', '2966923604999977875.jpg', '2968352101064575615.jpg', '2969827526651464688.jpg', '2972725444366749782.jpg', '2974159878978636612.jpg', '2975625561524603037.jpg', '2978333027680894552.webp', '2978530866675676208.jpg', '2981432447494703317.jpg', '2985050398173036508.jpg', '2986500502570508325.jpg', '2990143529231031932.jpg', '2995214469820247714.jpg', '2997373070319834440.jpg', '2999511381058551298.jpg', '3000994417092689210.jpg', '3003902996443359227.jpg', '3005058787393222960.webp', '3005325297303056986.jpg']",,"[전,전,전,전,전,전,전,전,전,전,전,전,전,전,전,전,전,전,전,전,상,전,전,전,전,전,전,전,전,전]",,
74,@sympa_young,"['2942055990845256933.jpg', '2943481716496804871.jpg', '2945019818683960193.jpg', '2949249645888692627.jpg', '2949308205838565389.jpg', '2952894630165173234.jpg', '2952946623093067762.jpg', '2953716940652645635.jpg', '2955968534937003302.jpg', '2959524490849432930.jpg', '2960960493770486969.jpg', '2963144508086420190.jpg', '2965398267630152828.jpg', '2969642707882319383.jpg', '2973153949408179625.jpg', '2973391138459138993.jpg', '2974015853171113093.jpg', '2976807386576481888.jpg', '2979788655203571907.jpg', '2984200979720972941.jpg', '2984955444371712335.jpg', '2985765580482025437.jpg', '2990034822978072198.jpg', '2990681037809898577.jpg', '2996504414986295748.jpg', '2996527798935740019.jpg', '2996539605884858818.jpg', '3000087835192855734.jpg', '3003066204901706431.jpg', '3006814118413239469.jpg']",,"[전,전,니,니,니,니,니,상,니,니,니,니,상,니,전,전,전,전,니,니,전,니,니,하,니,니,전,전,니,전]",,
75,@s_uz_.zzy__2,"['2935062450132501772.jpg', '2935064229045944641.jpg', '2937840127033843509.jpg', '2937840966356067559.jpg', '2940892520684969992.jpg', '2940894102239488277.jpg', '2944415467143306305.jpg', '2944417813470584182.jpg', '2954547023925145831.jpg', '2954547841831207795.jpg', '2962546411821640473.jpg', '2962580639540223080.jpg', '2964765879708726003.jpg', '2964776909705019805.jpg', '2966947766748379842.jpg', '2966969650303055957.jpg', '2967669606441653077.jpg', '2967701766066233295.jpg', '2969083302922473108.jpg', '2969127702003343882.jpg', '2974089553234369053.jpg', '2974100838126783295.jpg', '2980553346265178827.jpg', '2980637009015279732.jpg', '3002465880396199962.jpg', '3002470110209053910.jpg', '3003953711265126174.jpg', '3003976877974929011.jpg', '3006094850802602978.jpg', '3006101201146005466.jpg']",,,,
76,@tlrou.vee,"['2911815029923589796.webp', '2915442350475811374.webp', '2916894587005699306.webp', '2920543185957427938.webp', '2921977374817724896.webp', '2926333293269775855.webp', '2928525171796831110.webp', '2931383492631444108.webp', '2933580937109072649.webp', '2935736527306559170.webp', '2937918044233385849.webp', '2941542404353494855.webp', '2943709836353604295.webp', '2945860863006686019.webp', '2950950999331494326.webp', '2953856806876426683.webp', '2956026605312307944.webp', '2962536700447569198.webp', '2966188749349691246.webp', '2967623999158199120.webp', '2971245733937414211.webp', '2977038979502638087.webp', '2979825155422581427.webp', '2982844338309890360.webp', '2987173685208410739.webp', '2991569919260114538.webp', '2993715115217365499.webp', '2997340834358983942.webp', '3002418932032999328.webp', '3006763377025346650.webp']",,,,
77,@tt__yl,"['2986371695359454010.webp', '2987098086459805359.webp', '2987895934575157553.webp', '2988597478937084205.webp', '2989265354908095588.webp', '2990028062028824348.webp', '2991432316710843571.webp', '2992173040579414979.webp', '2992893582689323108.webp', '2993632549579611680.webp', '2994371169668197817.webp', '2995022516029519938.webp', '2996521550573564901.webp', '2997255025182334073.webp', '2998010332980365069.webp', '2998702573864549168.webp', '2999430153118760713.webp', '3000158641379565911.webp', '3001610254979710890.webp', '3002344609352095582.webp', '3002907222796620063.webp', '3003080983407665672.webp', '3003776763562991260.webp', '3004525296687717312.webp', '3005224381459550712.webp', '3005812824015233297.webp', '3007368883569823336.webp', '3008126899663496967.webp']",,,,
78,@uuuuk_2_,"['2974649998320802285.jpg', '2975519413073498767.jpg', '2976954431205442467.jpg', '2977765087659919777.jpg', '2978497107427426575.jpg', '2979079032344957828.jpg', '2981394765738083070.jpg', '2981941227941172984.jpg', '2982145046947885736.jpg', '2982888306238758509.jpg', '2983605353905949757.jpg', '2983648145588076835.jpg', '2985811648627617484.jpg', '2986513155448349487.jpg', '2987157138310011876.jpg', '2987958679375843127.jpg', '2989326779015524508.jpg', '2990898156671723688.jpg', '2991578096902936003.jpg', '2993061944778183285.jpg', '2993779570785926038.jpg', '2995821785476839472.jpg', '2996627209210964581.jpg', '2997340013295060031.jpg', '2998011919614812217.jpg', '2998874364055006823.jpg', '2999589075402644138.jpg', '3001743773765330062.jpg', '3002425588691826923.jpg', '3005471076978703841.jpg']",,,,
79,@velyjuu,"['2971103797940029297.jpg', '2971815100593496829.jpg', '2972041829157395016.jpg', '2972048866830331897.jpg', '2972526298255552054.jpg', '2972623860333338277.jpg', '2973187125195047490.jpg', '2973996772558737997.jpg', '2975503506913790490.jpg', '2976353433864751684.jpg', '2977869380194915492.jpg', '2978377064983812907.jpg', '2979912193451392169.jpg', '2980541998295349002.jpg', '2981177734094857432.jpg', '2982823525498553073.jpg', '2982918132957959143.jpg', '2983706271032828547.jpg', '2984434546541785495.jpg', '2985049050069683208.jpg', '2986187302210180257.jpg', '2990045859670516113.jpg', '2994938456033325371.jpg', '2995908298294954576.jpg', '3003940121239533510.jpg', '3005972134465309186.jpg']",,,,
80,@win.on_,"['2930820862468468611.jpg', '2932960821609501549.jpg', '2938410669071907959.jpg', '2943756093664089139.jpg', '2945935083766269891.jpg', '2947446930012938579.jpg', '2950071392294219780.jpg', '2952419722052294903.jpg', '2955448878608421350.jpg', '2957633668493378819.jpg', '2959469551542654751.jpg', '2961997065288112635.jpg', '2965420177795789600.jpg', '2966292021770023727.jpg', '2969759928178879184.jpg', '2971336453638438882.jpg', '2972802995924367760.jpg', '2974105820256223613.jpg', '2975687885711755727.jpg', '2980683827389162350.jpg', '2982090982650726628.jpg', '2982955007747938579.jpg', '2984430156225484099.jpg', '2988091906057806722.jpg', '2990114895875883997.jpg', '2990946100754012503.jpg', '2994576643286730819.jpg', '2995959436847616404.jpg', '3003993166052959243.jpg', '3005375931126378833.jpg']",,,,
81,@wnsgurrha,"['2986784678381810741.jpg', '2987009503330679533.jpg', '2987679269548468531.jpg', '2988427328331092771.jpg', '2989171236866420446.jpg', '2989887761210648120.jpg', '2990627000521053642.jpg', '2991332748322300594.jpg', '2992029295590516740.jpg', '2992812325834058659.jpg', '2993539292795460686.jpg', '2994256245956671425.jpg', '2994946910847943912.jpg', '2995709454709575430.jpg', '2996412304842555122.jpg', '2997100914004707202.jpg', '2997843075293733448.jpg', '2998551685296533538.jpg', '2999332551463359688.jpg', '3000002408328570620.jpg', '3000752518662700050.jpg', '3002315290512730991.jpg', '3002950548069396703.jpg', '3003872850009336688.jpg', '3004559212903606961.jpg', '3006001977956817313.jpg', '3006733967194649495.jpg', '3008069065387226101.jpg']",,,,
82,@xixxeeonx_4,"['2327529219750142532.jpg', '2929956127297229363.jpg', '2937999415749030584.jpg', '2973266024960625819.jpg', '2973940766998871212.jpg', '2975383217949368325.jpg', '2976988397501202827.jpg', '2978282006242655164.jpg', '2979166672013020936.jpg', '2980685679191352900.jpg', '2981330715931046600.jpg', '2981922750760612665.jpg', '2983621175189863635.jpg', '2984104976361913815.jpg', '2984970434384381740.jpg', '2985738696768493774.jpg', '2986289176795945600.jpg', '2988621778173375673.jpg', '2989158945056783299.jpg', '2990050742628811748.jpg', '2992925817443170806.jpg', '2995747918335964407.jpg', '2996547065318022442.jpg', '2998725017220716893.jpg', '3000309117366866782.jpg', '3000330894633195548.jpg', '3002240474410381977.jpg', '3002932058164426417.jpg', '3003830069161809945.jpg', '3005994432140155587.jpg']",,,,
83,@y._.dulcet,"['2970638132521626441.jpg', '2974878880745521485.jpg', '2974959436187396764.jpg', '2976222769192543726.jpg', '2977028796284406997.jpg', '2977764033146764088.jpg', '2980555750447202614.jpg', '2981398954709083212.jpg', '2982180475195706021.jpg', '2982206677792850489.jpg', '2982759377278479619.jpg', '2982837930930042748.jpg', '2985628435346732691.jpg', '2986316927647110083.jpg', '2988002008632248363.jpg', '2989259724876543026.jpg', '2989516321264118030.jpg', '2992977181181088993.jpg', '2992994127486222393.jpg', '2994403051376640617.jpg', '2994432230671254216.jpg', '2997438198371878626.jpg', '2998219758084410178.jpg', '2998227304325196275.jpg', '3002494814591603898.jpg', '3003242681451137186.jpg', '3004015338752719454.jpg', '3004439689280434934.jpg', '3007583767576942816.jpg', '3008092141364046983.jpg']",,,,
84,@yangkoon__dl,"['2949435156559648468.webp', '2955394923466861473.jpg', '2969109626651377093.jpg', '2969741586889338085.jpg', '2971211474862570781.jpg', '2971991293761972100.jpg', '2973969893742742293.jpg', '2975354508696941552.jpg', '2977079276345247304.jpg', '2978559485099834833.jpg', '2979995140874848851.jpg', '2981204884524479007.jpg', '2982894641939886659.jpg', '2984352603032102371.jpg', '2985512196814714930.jpg', '2987262792517468963.jpg', '2988657128266023021.jpg', '2990620837561581328.jpg', '2992947976436965943.jpg', '2994961371566576713.jpg', '2996632817741223646.jpg', '2997886083242219270.jpg', '2999483826075134639.jpg', '3001056373757654215.jpg', '3002424057732554372.jpg', '3003244702980839162.jpg', '3005059155351082983.jpg', '3006745574679443495.jpg', '3007628349993252631.jpg', '3008206292192719330.jpg']",,,,
85,@yeenstyle_,"['2917438145742385338.jpg', '2919709079645183728.jpg', '2923241499923983727.jpg', '2929729442532409691.jpg', '2930489759554096790.jpg', '2933423786594558757.jpg', '2935076475036307872.jpg', '2938626481085249380.jpg', '2944979895169355558.jpg', '2952363238658164094.jpg', '2959678517637706115.jpg', '2962557458962707773.jpg', '2963187359587570635.jpg', '2968307731584528858.jpg', '2970348454643360553.jpg', '2974106589271147523.jpg', '2975647959106335333.jpg', '2979106781607063783.jpg', '2992932863041028746.jpg', '2993634704418552896.jpg', '3000265047951060269.jpg', '3005345201807342964.jpg', '3006633080929497611.jpg']",,,,
86,@yj_mark,"['2716605754965820629.jpg', '2726150653852559637.jpg', '2756832705753065877.jpg', '2990897663436473373.jpg', '2991613885832727828.jpg', '2992237198666886305.jpg', '2993682476175357249.jpg', '2995113026148861020.jpg', '2995307988403383138.jpg', '2995756193239887524.jpg', '2996033045840308140.jpg', '2996800560473935340.jpg', '2998018050650691015.jpg', '2998600640139043841.jpg', '2998851448009123511.jpg', '2999591898473896087.jpg', '3000361454104507738.jpg', '3001514220970753308.jpg', '3003280702640647113.jpg', '3003296143544108827.jpg', '3003951586859709576.jpg', '3003965385524287366.jpg', '3004737364681434931.jpg', '3005349880991195288.jpg', '3006001435281153317.jpg', '3006167120011497787.jpg', '3007445323250294433.jpg', '3007646992340830821.jpg', '3008101052130907088.jpg']",,,,
87,@ys971003__,"['2991408093062797490.jpg', '2992021819898029560.jpg', '2992393215005388137.jpg', '2992787791563175177.jpg', '2993109298771181372.jpg', '2993638260862677895.jpg', '2994226745495632333.jpg', '2994593827064164314.jpg', '2994979412534660176.jpg', '2996746466265762964.jpg', '2997227539547340502.jpg', '2997461101017053274.jpg', '2997867697997104712.jpg', '2998664361691387632.jpg', '2999245537598628438.jpg', '3000114479963716555.jpg', '3001104556226396725.jpg', '3001623479502943996.jpg', '3002381670205432424.jpg', '3002518953305878682.jpg', '3002986152316385545.jpg', '3003282617382425382.jpg', '3004390064416353582.jpg', '3005206684592153155.jpg', '3006151790710041233.jpg', '3007604564179268098.jpg']",,,,
88,@yulkeem___,"['2973983804529571915.jpg', '2975360163566668478.jpg', '2976837105971686008.jpg', '2978327839880581225.jpg', '2979185983598951854.jpg', '2980406325885667418.jpg', '2981162494438682695.jpg', '2982637859074008718.jpg', '2983322253103345875.jpg', '2985678764731348099.jpg', '2986248152580679438.jpg', '2987706461179500984.jpg', '2988315763149869157.jpg', '2989898257078788387.jpg', '2991321764438348680.jpg', '2992804428714445850.jpg', '2994109483191117944.jpg', '2995808083793338079.jpg', '2997100358309745606.jpg', '2997961300442446602.jpg', '2999283027898285739.jpg', '3000001133838923116.jpg', '3000732004766300721.jpg', '3002208676682180736.jpg', '3003089508607255108.jpg', '3003635709547251549.jpg', '3004547592928327996.jpg', '3006054276372688593.jpg']",,,,
89,@yummy.__.do,"['2879900643223348186.jpg', '2880623674946133380.jpg', '2882816878151884481.jpg', '2886424237734609180.jpg', '2890767465430471212.jpg', '2895088888542308991.jpg', '2896567847897392352.jpg', '2901659540107705358.jpg', '2910937480259491800.jpg', '2915377553243811413.jpg', '2916138415399355653.jpg', '2916889758120306685.jpg', '2921269058146722248.jpg', '2926252131851564482.jpg', '2931373840489368876.jpg', '2936340840185848767.jpg', '2938630619170446151.jpg', '2942089469185848509.jpg', '2943630593302117179.jpg', '2947205434637551656.jpg', '2948658781752240111.jpg', '2952289076067070430.jpg', '2955171012853700500.jpg', '2960965187315460792.jpg', '2964569929669169397.jpg', '2976175293716229132.jpg', '2979121107178434844.jpg', '2987810412398860067.jpg', '2991355972737059396.jpg', '2997062420855251154.jpg']",,,,
90,@y_mood_h,"['2980302373601683988.jpg', '2990872327834889849.jpg', '2994458464591665875.jpg', '2995649468904610926.jpg', '2998011569518289698.jpg', '2998023292992121063.jpg', '2999939682713703926.jpg', '2999942177955435389.jpg', '2999947327319224693.jpg', '3000285617120006953.jpg', '3000720731255616996.jpg', '3000723525694074844.jpg', '3001354247406851975.jpg', '3001732145579666288.jpg', '3002331886969602497.jpg', '3003186763576789210.jpg', '3003775961618799165.jpg', '3003777056239893341.jpg', '3003817076921445817.jpg', '3004463710503960839.jpg', '3004485875538436650.jpg', '3004635944849919724.jpg', '3005606784418008837.jpg', '3005783297129988196.jpg', '3006642768679643784.jpg', '3006733347862278761.jpg', '3007151542178030305.jpg', '3008105926262977996.jpg', '3008116660946582470.jpg']",,,,
91,@zxcvr0626,"['2981760759027439432.jpg', '2982647916184572192.jpg', '2983407097640456728.jpg', '2984038992086664126.jpg', '2984110606145023524.jpg', '2985009269591289230.jpg', '2985750880084104517.jpg', '2986387243427388751.jpg', '2987000430145211034.jpg', '2987609088943994366.jpg', '2988276095423761501.jpg', '2990096510521042514.jpg', '2990730038967385956.jpg', '2991373786994936728.jpg', '2992068178332172715.jpg', '2992700623867958897.jpg', '2993410065987209165.jpg', '2994163941514159140.jpg', '2995750400260143184.jpg', '2996483551085289003.jpg', '2997159503515770751.jpg', '2997986253397089168.jpg', '2998606020449615608.jpg', '2999361771057113511.jpg', '3000903350632646835.jpg', '3001423223574176998.jpg', '3002105901688519852.jpg', '3004688948597295937.jpg', '3006584308379844363.jpg', '3007869223155736159.jpg']",,,,
92,@z___meme,"['2983256720106481707.jpg', '2983622937128442293.jpg', '2984751767654035965.jpg', '2985516610615138008.jpg', '2986315097145422000.jpg', '2987224820879320128.jpg', '2988744999773752834.jpg', '2989460570970759852.jpg', '2990199524892268105.jpg', '2990652357932238342.jpg', '2991611199340034353.jpg', '2992240011987704299.jpg', '2993565909554913966.jpg', '2995092471953539017.jpg', '2995314730421156817.jpg', '2995915439512417802.jpg', '2996643286069690295.jpg', '2997294445348498862.jpg', '2998028910139922663.jpg', '2998830668193932051.jpg', '2999529631205250924.jpg', '3000895742198680626.jpg', '3002427035445266053.jpg', '3003856800203061235.jpg', '3005097185708563009.jpg', '3006065808510960643.jpg', '3006828589023587941.jpg', '3007463791760602227.jpg']",,,,
93,@_jongh0,"['2970996238523862884.jpg', '2971703613413303190.jpg', '2972439505987790751.jpg', '2973166467672833603.jpg', '2973896439593069404.jpg', '2974599962341153363.jpg', '2975344235965659840.jpg', '2976077216879691069.jpg', '2976783586327059411.jpg', '2977511846325436575.jpg', '2978239137388982890.jpg', '2978956878752370914.jpg', '2979982531664675864.jpg', '2980658675111997371.jpg', '2982586143590991553.jpg', '2985003670296091172.jpg', '2988378059829984038.jpg', '2990546191776707327.jpg', '2991283002635290370.jpg', '2992737241677023951.jpg', '2993479177690136188.jpg', '2995207503416783243.jpg', '2996648452428856719.jpg', '2997803533475922604.jpg', '2999987892823881792.jpg', '3002154502145844085.jpg', '3005786294555793868.jpg', '3007236368326611558.jpg']",,,,
94,@_mgi_closet_,"['2856667809394379675.jpg', '2858777754566839754.jpg', '2860923475306876146.jpg', '2862520468810589329.jpg', '2869689716863662615.jpg', '2891278213672071298.jpg', '2905927935900552859.jpg', '2906713557074502359.jpg', '2911609177501359269.jpg', '2913774527265383966.jpg', '2918871084615658163.jpg', '2926227683748408203.jpg', '2929116329853890123.jpg', '2934291011569847102.jpg', '2947996391000953070.jpg', '2951039450617936904.jpg', '2952113242454824321.jpg', '2963836406540856716.jpg', '2964714103467044148.jpg', '2968105201765872055.jpg', '2970345838129118063.jpg', '2974673007839999437.jpg', '2977781328696483147.jpg', '2980538949341827946.jpg', '2983568130770291961.jpg', '2989367973052895099.jpg', '2991321596714887121.jpg', '3000979656313622045.jpg', '3002405663050395925.jpg', '3004322869476747491.jpg']",,,,
95,@_yourthen,"['2975566928726477757.jpg', '2978223418715427407.jpg', '2978400606448045074.jpg', '2980562815726976794.jpg', '2981248560137708138.jpg', '2981966327061104002.jpg', '2985665551372035529.jpg', '2986346549306954036.jpg', '2987662518170271189.jpg', '2991538642224544362.jpg', '2993609908012075601.jpg', '2994242580736576655.jpg', '2995752761618176334.jpg', '2996527513924300784.jpg', '2999357978339192750.jpg', '3001577495752840959.jpg', '3002151832765690162.jpg', '3002249407776576422.jpg', '3002327776543234451.jpg', '3002878194203971914.jpg', '3002992550021006507.jpg', '3003030187893256012.jpg', '3003624547672161432.jpg', '3003714562284668968.jpg', '3004500432399033303.jpg', '3005904151980070697.jpg', '3006599451610834027.jpg', '3007506192984923759.jpg', '3008824733633715760.jpg', '3008980919423252702.jpg']",,,,
96,@_zia_mood,"['2964725120678871666.jpg', '2965343298551470550.jpg', '2966036872377044765.jpg', '2966776843031408130.jpg', '2967532673984915224.jpg', '2970605632379217413.jpg', '2971201820262456126.jpg', '2971924834159656815.jpg', '2972653512715894190.jpg', '2974798610325033408.jpg', '2975619661657135760.jpg', '2976298205186047351.jpg', '2976960380065998003.jpg', '2978371233277538869.jpg', '2979138922249924522.jpg', '2981303026339181102.jpg', '2982856622243545050.jpg', '2985729002326428749.jpg', '2987874570444042609.jpg', '2988569105922844438.jpg', '2993745434330977928.jpg', '2994437893470017727.jpg', '2995696412521355044.jpg', '2997338174532765496.jpg', '3000236210141511367.jpg', '3000907953117942117.jpg', '3001685611900702393.jpg', '3002464453040885073.jpg', '3003096871909229347.jpg', '3004493832948410595.jpg']",,,,
97,@__02x02,"['2912436941397721496.jpg', '2913249060464629697.jpg', '2915540935443833563.jpg', '2916961007945365610.jpg', '2918390796206910990.jpg', '2922065253933852655.jpg', '2922751939361653607.jpg', '2926377299890480389.jpg', '2930710054384277006.jpg', '2932913822169505119.jpg', '2933663276984161449.jpg', '2935137573657344967.jpg', '2936575650132934350.jpg', '2938015712637054151.jpg', '2943756687577505970.jpg', '2953232270631972553.jpg', '2955864454618557908.jpg', '2958836649623968260.jpg', '2963371026995287563.jpg', '2968477625283910823.jpg', '2972127639520588689.jpg', '2976457657851618099.jpg', '2980034427452608940.jpg', '2982956418778080218.jpg', '2989463155475621140.jpg', '2990089537490584133.jpg', '2996725963183373453.jpg', '2997410863272414246.jpg', '2998163446895189439.jpg', '2998913541055734775.jpg']",,,,
98,@__my_t__,"['2967674458791156213.jpg', '2982066156069580582.jpg', '2982832709887268495.jpg', '2983721706159257670.jpg', '2984505037512485961.jpg', '2984894484359910027.jpg', '2985443470350236082.jpg', '2985563480301371509.jpg', '2986373630906063779.jpg', '2987103142660562700.jpg', '2987951493392144232.jpg', '2988714940547585218.jpg', '2989412228295231069.jpg', '2990179255440109706.jpg', '2991532319715578378.jpg', '2992064735773208751.jpg', '2993095738444923765.jpg', '2993860384198187945.jpg', '2994861869958499079.jpg', '2995696202252425579.jpg', '2997155764687969235.jpg', '2998187708938824885.jpg', '2998869826719357567.jpg', '3000062178309791951.jpg', '3000789967816104357.jpg', '3002157089385605731.jpg', '3003113265782611553.jpg', '3004396051130852606.jpg', '3005149269536500910.jpg', '3006627539506202062.jpg']",,,,
99,@__v.yuum_look__,"['2875249160037008816.jpg', '2914120288570709385.jpg', '2970939527898025127.jpg', '2971665872508501800.jpg', '2972387814425324653.jpg', '2973881252983740916.jpg', '2976046091935903399.jpg', '2977457031550022694.jpg', '2978896493932713301.jpg', '2980632519596488766.jpg', '2981957811254498257.jpg', '2983251509829208573.jpg', '2984402732941419843.jpg', '2986288612712460410.jpg', '2986882878748808273.jpg', '2987608714514914331.jpg', '2989051071634804071.jpg', '2991248432318549337.jpg', '2993403101924896474.jpg', '2996310937159664857.jpg', '2997034642051498564.jpg', '2999978548229707073.jpg', '3000917370232780381.jpg', '3002098856747249812.jpg', '3002829935602946050.jpg', '3004279714388362331.jpg', '3006006711728580472.jpg', '3007166531877738771.jpg', '3007955969406955803.jpg']",,,,
